,Entry_Date,Entry_Price,Position_Size,Direction,Exit_Date,Exit_Price,PnL
0,2020-05-20 00:00:00-04:00,77.65423662821452,25.755194910683464,-0.3333333333333333,2020-05-26 00:00:00-04:00,77.0974908320109,4.779698832309247
1,2020-05-27 00:00:00-04:00,77.38179786936442,25.846076672126348,-0.3333333333333333,2020-05-29 00:00:00-04:00,77.39199967447917,-0.08789221239661196
2,2020-06-01 00:00:00-04:00,78.29158971913655,25.544686526102407,-0.3333333333333333,2020-06-04 00:00:00-04:00,78.45818899790446,-1.4185754505336228
3,2020-06-05 00:00:00-04:00,80.6120934193929,24.80801053773711,-0.6666666666666666,2020-06-11 00:00:00-04:00,81.7910404103597,-19.498219583558438
4,2020-06-16 00:00:00-04:00,85.64516340637208,23.344635483570276,-0.3333333333333333,2020-06-18 00:00:00-04:00,85.61709916432699,0.21838316688843978
5,2020-06-19 00:00:00-04:00,85.12782327270507,23.48561786678631,0.3333333333333333,2020-06-22 00:00:00-04:00,87.29685722605387,16.980367522811584
6,2020-06-24 00:00:00-04:00,87.64473709869384,22.81412678903666,0.3333333333333333,2020-06-25 00:00:00-04:00,88.7491088816325,8.398425959398994
7,2020-06-26 00:00:00-04:00,86.07957932281494,23.229965148299044,0.3333333333333333,2020-07-01 00:00:00-04:00,88.57153290049236,19.295998253541867
8,2020-07-01 00:00:00-04:00,88.57153290049236,22.57983281237968,-0.3333333333333333,2020-07-06 00:00:00-04:00,91.00146934509277,-18.289186221261886
9,2020-07-07 00:00:00-04:00,90.71911054738362,22.0403784216244,0.3333333333333333,2020-07-08 00:00:00-04:00,92.7700993423462,15.068189726495543
10,2020-07-08 00:00:00-04:00,92.7700993423462,21.55547984830932,-0.3333333333333333,2020-07-09 00:00:00-04:00,93.23117046101888,-3.3128697357287784
11,2020-07-16 00:00:00-04:00,93.9809014892578,21.27621177161166,0.3333333333333333,2020-07-17 00:00:00-04:00,93.72851236979167,-1.7899614515373277
12,2020-07-17 00:00:00-04:00,93.72851236979167,21.332269529149045,-0.3333333333333333,2020-07-20 00:00:00-04:00,95.767583887736,-14.499341069999781
13,2020-07-21 00:00:00-04:00,94.38287333933513,21.180442841509027,-0.3333333333333333,2020-08-07 00:00:00-04:00,108.38177256774902,-98.83429498382174
14,2020-08-11 00:00:00-04:00,106.68697106679281,18.71839133882042,0.3333333333333333,2020-08-12 00:00:00-04:00,110.15919087727865,21.664789742359606
15,2020-09-01 00:00:00-04:00,130.79514745585124,15.270907442680825,-0.3333333333333333,2020-09-02 00:00:00-04:00,128.1706847890218,13.359308823974503
16,2020-09-03 00:00:00-04:00,117.83064410400391,16.952709537073613,-0.3333333333333333,2020-10-01 00:00:00-04:00,113.91974312591552,22.100122769929868
17,2020-10-01 00:00:00-04:00,113.91974312591552,17.537891639806308,0.3333333333333333,2020-10-12 00:00:00-04:00,121.26185014597576,42.92169244189256
18,2020-10-13 00:00:00-04:00,118.12381125132242,16.92028077545939,0.3333333333333333,2020-10-21 00:00:00-04:00,113.92182174682618,-23.699614077203282
19,2020-10-21 00:00:00-04:00,113.92182174682618,17.539532849584248,-0.3333333333333333,2020-10-30 00:00:00-04:00,106.1846369298299,45.23553575367022
20,2020-11-02 00:00:00-05:00,106.02613908894857,18.8534926520504,-0.3333333333333333,2020-11-06 00:00:00-05:00,115.97279541269938,-62.50973730410221
21,2020-11-06 00:00:00-05:00,115.97279541269938,17.224980421299122,0.3333333333333333,2020-11-23 00:00:00-05:00,111.16945886739096,-27.57912598328273
22,2020-11-23 00:00:00-05:00,111.16945886739096,17.963560476010624,-0.3333333333333333,2020-12-01 00:00:00-05:00,119.91053180948893,-52.340264140199004
23,2020-12-01 00:00:00-05:00,119.91053180948893,16.644655324773254,0.3333333333333333,2020-12-02 00:00:00-05:00,120.18213967386882,1.506939762033665
24,2020-12-03 00:00:00-05:00,120.12549296569824,16.614455733797417,0.3333333333333333,2020-12-15 00:00:00-05:00,124.86911442565919,26.270896254804217
25,2020-12-16 00:00:00-05:00,124.8839755706787,15.984946708661568,0.3333333333333333,2020-12-28 00:00:00-05:00,133.47169943237304,45.75810275929513
26,2020-12-28 00:00:00-05:00,133.47169943237304,14.962694479635537,-0.3333333333333333,2020-12-29 00:00:00-05:00,131.78237717692056,8.425604261994764
27,2020-12-29 00:00:00-05:00,131.78237717692056,15.155178081012785,0.3333333333333333,2021-01-05 00:00:00-05:00,127.92540733337403,-19.484354944014594
28,2021-01-05 00:00:00-05:00,127.92540733337403,15.608447377451999,-0.3333333333333333,2021-01-22 00:00:00-05:00,135.88623796081544,-41.41873530974247
29,2021-01-27 00:00:00-05:00,138.8077436981201,14.378205472691166,0.3333333333333333,2021-02-01 00:00:00-05:00,130.98171549479167,-37.50808051417743
30,2021-02-01 00:00:00-05:00,130.98171549479167,15.230969522579619,-0.3333333333333333,2021-02-22 00:00:00-05:00,123.29940214538574,39.00302682923609
31,2021-02-23 00:00:00-05:00,123.08033557891846,16.214459514649864,-0.3333333333333333,2021-02-25 00:00:00-05:00,118.3967980295817,25.31367665968779
32,2021-02-25 00:00:00-05:00,118.3967980295817,16.859485362975963,0.3333333333333333,2021-03-01 00:00:00-05:00,124.96769910685222,36.92733684460177
33,2021-03-01 00:00:00-05:00,124.96769910685222,15.978253455950945,-0.3333333333333333,2021-03-15 00:00:00-04:00,121.33249153900147,19.36142262803679
34,2021-03-15 00:00:00-04:00,121.33249153900147,16.45951603169269,0.3333333333333333,2021-04-07 00:00:00-04:00,125.07527584584554,20.53480610055594
35,2021-04-12 00:00:00-04:00,128.42711789449055,15.552818621706052,0.3333333333333333,2021-04-13 00:00:00-04:00,131.4610783589681,15.728878936482175
36,2021-04-14 00:00:00-04:00,129.2001721242269,15.46156925007726,0.3333333333333333,2021-04-29 00:00:00-04:00,130.53205158996582,6.864315530759414
37,2021-04-29 00:00:00-04:00,130.53205158996582,15.30424407678235,-0.3333333333333333,2021-05-04 00:00:00-04:00,125.10977407836914,27.661286163174516
38,2021-05-06 00:00:00-04:00,126.8746560160319,15.749160768158704,-0.3333333333333333,2021-05-10 00:00:00-04:00,124.34203930918375,13.295529226758775
39,2021-05-13 00:00:00-04:00,122.4175774459839,16.324094776546065,-0.3333333333333333,2021-06-07 00:00:00-04:00,123.41082843526203,-5.404641095291489
40,2021-06-07 00:00:00-04:00,123.41082843526203,16.191186871788652,0.3333333333333333,2021-06-14 00:00:00-04:00,127.8150010325114,23.76959384589178
41,2021-06-16 00:00:00-04:00,127.57679029591878,15.66555969586413,0.3333333333333333,2021-06-17 00:00:00-04:00,129.09826454162598,7.944915207281978
42,2021-06-18 00:00:00-04:00,127.88070168558757,15.628943827956583,0.3333333333333333,2021-06-22 00:00:00-04:00,131.24353004964192,17.519151868288194
43,2021-06-23 00:00:00-04:00,131.05657990519205,15.252265022068158,0.3333333333333333,2021-06-30 00:00:00-04:00,134.16267691548666,15.791671595088959
44,2021-07-02 00:00:00-04:00,137.1013942820231,14.581504656557629,-0.3333333333333333,2021-07-08 00:00:00-04:00,140.4079931233724,-16.071728800834215
45,2021-07-19 00:00:00-04:00,139.63361093648274,14.314191555130316,0.3333333333333333,2021-07-21 00:00:00-04:00,142.43030586242676,13.344142297074585
46,2021-07-21 00:00:00-04:00,142.43030586242676,14.034431611186315,-0.3333333333333333,2021-08-17 00:00:00-04:00,147.44115948486328,-23.441494159250155
47,2021-08-17 00:00:00-04:00,147.44115948486328,13.553733573856105,0.3333333333333333,2021-08-18 00:00:00-04:00,143.5855145365397,-17.419461461653963
48,2021-08-18 00:00:00-04:00,143.5855145365397,13.914710830949039,-0.3333333333333333,2021-08-31 00:00:00-04:00,149.0511777903239,-25.351041225250327
49,2021-08-31 00:00:00-04:00,149.0511777903239,13.400514400330318,0.3333333333333333,2021-09-07 00:00:00-04:00,153.7196933339437,20.85350325681437
50,2021-09-07 00:00:00-04:00,153.7196933339437,12.995721858372152,-0.3333333333333333,2021-09-08 00:00:00-04:00,152.2710922902425,6.275205415896083
51,2021-09-08 00:00:00-04:00,152.2710922902425,13.119656011922526,0.3333333333333333,2021-09-10 00:00:00-04:00,146.1460621032715,-26.786096371900356
52,2021-09-10 00:00:00-04:00,146.1460621032715,13.665303725123579,-0.3333333333333333,2021-09-20 00:00:00-04:00,140.32385864257813,26.520726213280177
53,2021-09-21 00:00:00-04:00,140.71103051249187,14.19634580282178,-0.3333333333333333,2021-10-14 00:00:00-04:00,141.12882963562012,-1.977073609348106
54,2021-10-14 00:00:00-04:00,141.12882963562012,14.153471613060784,0.3333333333333333,2021-10-19 00:00:00-04:00,145.93998457845052,22.698181636462373
55,2021-10-21 00:00:00-04:00,146.74411935424803,13.614416687021238,0.3333333333333333,2021-11-10 00:00:00-05:00,145.32770094807944,-6.427903461581886
56,2021-11-10 00:00:00-05:00,145.32770094807944,13.745676071445455,-0.3333333333333333,2021-11-17 00:00:00-05:00,150.90068629964193,-25.53481713116287
57,2021-11-18 00:00:00-05:00,155.10335671488446,12.875513529855429,-0.3333333333333333,2021-11-24 00:00:00-05:00,159.20811150105794,-17.616941928705184
58,2021-11-26 00:00:00-05:00,154.16465234375,12.95110169733812,0.3333333333333333,2021-11-30 00:00:00-05:00,162.4031382191976,35.56582280166848
59,2021-11-30 00:00:00-05:00,162.4031382191976,12.297985315813493,-0.3333333333333333,2021-12-01 00:00:00-05:00,161.99038016764322,1.6920308189997804
60,2021-12-01 00:00:00-05:00,161.99038016764322,12.329037439610353,0.3333333333333333,2021-12-07 00:00:00-05:00,168.18008155822756,25.437686728174164
61,2021-12-08 00:00:00-05:00,172.0117506866455,11.613234526270992,-0.3333333333333333,2021-12-09 00:00:00-05:00,171.6152151845296,1.5350199280215624
62,2021-12-10 00:00:00-05:00,176.3051341451009,11.330150421723571,-0.3333333333333333,2021-12-13 00:00:00-05:00,172.77531550089518,13.331125400085103
63,2021-12-14 00:00:00-05:00,171.38909613545735,11.656232834293903,0.3333333333333333,2021-12-15 00:00:00-05:00,176.15779862976075,18.52836886369283
64,2021-12-16 00:00:00-05:00,169.35402469380696,11.798011644856334,0.3333333333333333,2021-12-17 00:00:00-05:00,168.1407727661133,-4.771320123691462
65,2021-12-17 00:00:00-05:00,168.1407727661133,11.882101294172136,-0.3333333333333333,2022-01-19 00:00:00-05:00,163.42574921162924,18.67479582626234
66,2022-01-25 00:00:00-05:00,156.97986723327637,12.728768540073641,-0.3333333333333333,2022-02-01 00:00:00-05:00,171.66439539082845,-62.305320012558155
67,2022-02-01 00:00:00-05:00,171.66439539082845,11.632176956569294,0.3333333333333333,2022-02-17 00:00:00-05:00,166.1317990926107,-21.452046390043044
68,2022-02-17 00:00:00-05:00,166.1317990926107,12.016501405524103,-0.3333333333333333,2022-03-11 00:00:00-05:00,152.3135563913981,55.34897761366478
69,2022-03-15 00:00:00-04:00,152.5661930745443,13.091717140072635,-0.3333333333333333,2022-03-18 00:00:00-04:00,161.41908384195963,-38.63318059965409
70,2022-03-18 00:00:00-04:00,161.41908384195963,12.368417176024415,0.3333333333333333,2022-03-24 00:00:00-04:00,171.23732019551596,40.47868105119781
71,2022-03-25 00:00:00-04:00,171.99137812805176,11.612360316105097,0.3333333333333333,2022-04-08 00:00:00-04:00,167.32210653686525,-18.07375471020373
72,2022-04-08 00:00:00-04:00,167.32210653686525,11.93378218641652,-0.3333333333333333,2022-04-26 00:00:00-04:00,154.35120742797852,51.597294909146115
73,2022-04-27 00:00:00-04:00,154.02212849934895,12.970478749777024,-0.3333333333333333,2022-05-09 00:00:00-04:00,149.90517635091146,17.799613451719114
74,2022-05-10 00:00:00-04:00,152.21892727661134,13.125949125114376,-0.3333333333333333,2022-05-11 00:00:00-04:00,144.42397977701822,34.105361437532274
75,2022-05-13 00:00:00-04:00,144.92866408284505,13.790385365067912,-0.3333333333333333,2022-05-19 00:00:00-04:00,135.40367054239908,43.784443840844126
76,2022-05-20 00:00:00-04:00,135.5498791554769,14.750441030728465,-0.3333333333333333,2022-05-27 00:00:00-04:00,147.5194784291585,-58.85228941596362
77,2022-05-27 00:00:00-04:00,147.5194784291585,13.54505836609998,0.3333333333333333,2022-06-13 00:00:00-04:00,129.92452711486817,-79.44154750025007
78,2022-06-14 00:00:00-04:00,130.79144080607097,15.264729421896037,-0.3333333333333333,2022-06-23 00:00:00-04:00,136.31061948649088,-28.08292306256906
79,2022-06-23 00:00:00-04:00,136.31061948649088,14.641946158329844,0.3333333333333333,2022-07-21 00:00:00-04:00,153.04650166829427,81.68196193937234
80,2022-07-22 00:00:00-04:00,151.90640778096517,13.148896644444854,0.3333333333333333,2022-07-29 00:00:00-04:00,160.10031721496583,35.9136227538721
81,2022-07-29 00:00:00-04:00,160.10031721496583,12.479912044331185,-0.3333333333333333,2022-08-01 00:00:00-04:00,159.2212384338379,3.6569419561714778
82,2022-08-01 00:00:00-04:00,159.2212384338379,12.548773853954822,0.3333333333333333,2022-08-03 00:00:00-04:00,163.66666343688965,18.594877682670955
83,2022-08-03 00:00:00-04:00,163.66666343688965,12.209708027877339,-0.3333333333333333,2022-08-04 00:00:00-04:00,163.46035241699218,0.839665771960566
84,2022-08-05 00:00:00-04:00,163.23328700764972,12.24173771110822,0.3333333333333333,2022-08-10 00:00:00-04:00,166.96214965820312,15.215919509607485
85,2022-08-19 00:00:00-04:00,169.32430592854817,11.802691582770352,0.3333333333333333,2022-08-22 00:00:00-04:00,165.31465823364258,-15.774878366178939
86,2022-08-22 00:00:00-04:00,165.31465823364258,12.08657533042432,-0.3333333333333333,2022-08-30 00:00:00-04:00,156.87573029581705,33.999246076183525
87,2022-09-01 00:00:00-04:00,155.8339938252767,12.825764919807689,-0.3333333333333333,2022-09-29 00:00:00-04:00,140.6560310974121,64.88966063639818
88,2022-09-30 00:00:00-04:00,136.43082250467936,14.658798309558545,0.3333333333333333,2022-10-03 00:00:00-04:00,140.53271472676596,20.04293692370482
89,2022-10-03 00:00:00-04:00,140.53271472676596,14.233209497718162,-0.3333333333333333,2022-10-17 00:00:00-04:00,140.58696206156412,-0.25737122695836867
90,2022-10-17 00:00:00-04:00,140.58696206156412,14.227111593631495,0.3333333333333333,2022-10-25 00:00:00-04:00,150.28962369283042,46.013616594424064
91,2022-10-26 00:00:00-04:00,147.43810670979818,13.571687457008771,0.3333333333333333,2022-10-28 00:00:00-04:00,153.64383666992188,28.074075820464806
92,2022-10-31 00:00:00-04:00,151.37702605692544,13.221713448654723,0.3333333333333333,2022-11-04 00:00:00-04:00,136.74396951802572,-64.49136014509847
93,2022-11-04 00:00:00-04:00,136.74396951802572,14.626587571035886,-0.3333333333333333,2022-11-11 00:00:00-05:00,148.0287881571452,-55.01946268277962
94,2022-11-11 00:00:00-05:00,148.0287881571452,13.503548705115604,0.3333333333333333,2022-11-29 00:00:00-05:00,139.500969523112,-38.38527142435322
95,2022-11-29 00:00:00-05:00,139.500969523112,14.322972797963173,-0.3333333333333333,2022-12-15 00:00:00-05:00,134.97614465840658,21.602981150907652
96,2022-12-20 00:00:00-05:00,130.73582580566406,15.28595557118253,-0.3333333333333333,2022-12-28 00:00:00-05:00,124.63290008544921,31.096350471143808
97,2022-12-29 00:00:00-05:00,128.07763928731282,15.607454133757694,-0.3333333333333333,2023-01-09 00:00:00-05:00,128.69702900187173,-3.2223655202997996
98,2023-01-09 00:00:00-05:00,128.69702900187173,15.53121542083198,0.3333333333333333,2023-01-23 00:00:00-05:00,139.44167838033042,55.625821372716786
99,2023-01-25 00:00:00-05:00,140.2762964070638,14.25651060584559,0.3333333333333333,2023-02-02 00:00:00-05:00,149.0368828430176,41.6317978125341
100,2023-02-03 00:00:00-05:00,152.67336559041343,13.103796092838264,-0.3333333333333333,2023-02-06 00:00:00-05:00,150.03610987345377,11.519353719903778
101,2023-02-06 00:00:00-05:00,150.03610987345377,13.33513450462825,0.3333333333333333,2023-02-07 00:00:00-05:00,152.82160107421876,12.381633274553218
102,2023-02-08 00:00:00-05:00,150.22400817871093,13.319565824875358,0.3333333333333333,2023-02-21 00:00:00-05:00,146.9485594075521,-14.542518504485736
103,2023-02-21 00:00:00-05:00,146.9485594075521,13.61393782230263,-0.3333333333333333,2023-03-16 00:00:00-04:00,154.34542241923015,-33.56681104035838
104,2023-03-16 00:00:00-04:00,154.34542241923015,12.95662124172396,0.3333333333333333,2023-03-20 00:00:00-04:00,155.77656363423665,6.180918222086641
105,2023-03-22 00:00:00-04:00,156.3063114267985,12.794354982387402,0.3333333333333333,2023-03-31 00:00:00-04:00,163.1992137145996,29.396746243012593
106,2023-04-04 00:00:00-04:00,164.03102292378742,12.194916402454995,0.3333333333333333,2023-04-11 00:00:00-04:00,159.14149996439616,-19.87577457922024
107,2023-04-11 00:00:00-04:00,159.14149996439616,12.566604409802583,-0.3333333333333333,2023-04-19 00:00:00-04:00,166.011709177653,-28.778400465193194
108,2023-04-19 00:00:00-04:00,166.011709177653,12.04259022266577,0.3333333333333333,2023-04-20 00:00:00-04:00,164.93114963785808,-4.337578582980782
109,2023-04-20 00:00:00-04:00,164.93114963785808,12.120478941811745,-0.3333333333333333,2023-05-01 00:00:00-04:00,167.9527704111735,-12.207830317703486
110,2023-05-01 00:00:00-04:00,167.9527704111735,11.900486489648737,0.3333333333333333,2023-05-02 00:00:00-04:00,166.80166545104981,-4.56623634203987
111,2023-05-02 00:00:00-04:00,166.80166545104981,11.981587055700471,-0.3333333333333333,2023-05-05 00:00:00-04:00,171.89437620035807,-20.33958573077947
112,2023-05-09 00:00:00-04:00,170.11173872884115,11.7455781507572,0.3333333333333333,2023-05-16 00:00:00-04:00,170.53081444295248,1.6407621837263342
113,2023-05-16 00:00:00-04:00,170.53081444295248,11.7164368357501,-0.3333333333333333,2023-05-18 00:00:00-04:00,173.5998700459798,-11.986132039424854
114,2023-05-18 00:00:00-04:00,173.5998700459798,11.507457655880811,0.3333333333333333,2023-05-22 00:00:00-04:00,172.64175911966962,-3.67514030471706
115,2023-05-22 00:00:00-04:00,172.64175911966962,11.570433328428226,-0.3333333333333333,2023-05-31 00:00:00-04:00,175.78162732950847,-12.10987859399724
116,2023-05-31 00:00:00-04:00,175.78162732950847,11.361921994781138,0.3333333333333333,2023-06-01 00:00:00-04:00,178.4790613606771,10.21601168273532
117,2023-06-01 00:00:00-04:00,178.4790613606771,11.190897919306641,-0.3333333333333333,2023-06-05 00:00:00-04:00,178.0923338317871,1.4426094327978696
118,2023-06-05 00:00:00-04:00,178.0923338317871,11.214912840742832,0.3333333333333333,2023-06-12 00:00:00-04:00,182.1459904988607,15.153802069175487
119,2023-06-21 00:00:00-04:00,182.4360511525472,10.949109368032257,0.3333333333333333,2023-06-22 00:00:00-04:00,185.32727224731445,10.552098657922844
120,2023-06-26 00:00:00-04:00,183.6127407989502,10.879652340055683,-0.3333333333333333,2023-06-27 00:00:00-04:00,186.5020727895101,-10.478309184097572
121,2023-06-27 00:00:00-04:00,186.5020727895101,10.709546841111793,0.3333333333333333,2023-06-28 00:00:00-04:00,187.5571347910563,3.766411975278797
122,2023-06-30 00:00:00-04:00,192.2349268137614,10.390140469042608,-0.3333333333333333,2023-07-03 00:00:00-04:00,190.86563314819335,4.742384509540767
123,2023-07-05 00:00:00-04:00,189.74498994954428,10.526565847666319,0.3333333333333333,2023-07-10 00:00:00-04:00,186.9228553212484,-9.902461998578648
124,2023-07-10 00:00:00-04:00,186.9228553212484,10.684010673381541,-0.3333333333333333,2023-08-04 00:00:00-04:00,180.48235143025715,22.936804104435243
125,2023-08-07 00:00:00-04:00,177.36838348897297,11.261680187407444,0.3333333333333333,2023-08-08 00:00:00-04:00,178.1916510925293,3.0904588199682483
126,2023-08-11 00:00:00-04:00,176.437566792806,11.320988900648096,-0.3333333333333333,2023-08-17 00:00:00-04:00,172.7915867919922,13.758699707066016
127,2023-08-21 00:00:00-04:00,174.50240578715008,11.447657858436965,-0.3333333333333333,2023-08-25 00:00:00-04:00,177.36955880737304,-10.940728934432205
128,2023-08-25 00:00:00-04:00,177.36955880737304,11.260920270533456,0.3333333333333333,2023-08-30 00:00:00-04:00,186.2225730794271,33.23102929049849
129,2023-09-05 00:00:00-04:00,188.38252117411295,10.605693036927672,0.3333333333333333,2023-09-11 00:00:00-04:00,177.995641011556,-36.720020871810846
130,2023-09-11 00:00:00-04:00,177.995641011556,11.220022397411425,-0.3333333333333333,2023-10-04 00:00:00-04:00,172.45393460591634,20.726023330385054
131,2023-10-04 00:00:00-04:00,172.45393460591634,11.582518907327914,0.3333333333333333,2023-10-20 00:00:00-04:00,171.56493922424318,-3.4322686055855582
132,2023-10-20 00:00:00-04:00,171.56493922424318,11.641671251555822,-0.3333333333333333,2023-10-26 00:00:00-04:00,165.73094545491537,22.6391458487131
133,2023-10-27 00:00:00-04:00,166.9403673706055,11.966409930486568,-0.3333333333333333,2023-11-02 00:00:00-04:00,176.33677447509766,-37.480419762029875
134,2023-11-02 00:00:00-04:00,176.33677447509766,11.324042370353453,0.3333333333333333,2023-11-10 00:00:00-05:00,185.22578936258952,33.55319373888685
135,2023-11-13 00:00:00-05:00,183.75834540812173,10.869896972843085,0.3333333333333333,2023-11-16 00:00:00-05:00,188.5149452972412,17.23458357858855
136,2023-11-24 00:00:00-05:00,188.8991880900065,10.57547183188417,0.3333333333333333,2023-11-30 00:00:00-05:00,188.75340643310548,-0.5139032687207201
137,2023-11-30 00:00:00-05:00,188.75340643310548,10.583162048875247,-0.3333333333333333,2023-12-13 00:00:00-05:00,196.84414204406738,-28.541855355138487
138,2023-12-15 00:00:00-05:00,196.4563480275472,10.164881174238392,0.3333333333333333,2023-12-19 00:00:00-05:00,195.6993935546875,-2.564784090309001
139,2023-12-19 00:00:00-05:00,195.6993935546875,10.203528878359702,-0.3333333333333333,2024-01-02 00:00:00-05:00,184.59359992980956,37.77276198951507
140,2024-01-04 00:00:00-05:00,180.88463086446126,11.042962869180682,0.3333333333333333,2024-01-08 00:00:00-05:00,184.39106098429363,12.907125872228557
141,2024-01-08 00:00:00-05:00,184.39106098429363,10.833929364999227,-0.3333333333333333,2024-01-19 00:00:00-05:00,190.4802355600993,-21.989895748475874
142,2024-01-19 00:00:00-05:00,190.4802355600993,10.484860541413209,0.3333333333333333,2024-01-31 00:00:00-05:00,183.23839967854818,-25.30987976062186
143,2024-01-31 00:00:00-05:00,183.23839967854818,10.89604659228129,-0.3333333333333333,2024-03-04 00:00:00-05:00,174.33519197591144,32.33658864956251
144,2024-03-04 00:00:00-05:00,174.33519197591144,11.455764764185817,0.3333333333333333,2024-03-08 00:00:00-05:00,169.8709850209554,-17.046968244872886
145,2024-03-11 00:00:00-04:00,171.88081290181478,11.616905420799043,-0.3333333333333333,2024-03-18 00:00:00-04:00,172.9612142384847,-4.183640048199784
146,2024-03-18 00:00:00-04:00,172.9612142384847,11.543393489549995,0.3333333333333333,2024-04-19 00:00:00-04:00,164.16982207743328,-33.827499678653936
147,2024-04-19 00:00:00-04:00,164.16982207743328,12.156953978582408,-0.3333333333333333,2024-04-25 00:00:00-04:00,169.1479471130371,-20.1729456524882
148,2024-04-25 00:00:00-04:00,169.1479471130371,11.796303202221798,0.3333333333333333,2024-05-03 00:00:00-04:00,182.45733382670085,52.333853703333276
149,2024-05-07 00:00:00-04:00,181.60331517028808,10.992553701626532,0.3333333333333333,2024-05-15 00:00:00-04:00,189.02147500610351,27.18150678748339
150,2024-05-22 00:00:00-04:00,190.32397926839192,10.491301989144445,0.3333333333333333,2024-05-29 00:00:00-04:00,189.58937036132812,-2.5690012959738957
151,2024-05-29 00:00:00-04:00,189.58937036132812,10.531261550874886,-0.3333333333333333,2024-06-05 00:00:00-04:00,195.27896900431315,-19.97288380959273
152,2024-06-06 00:00:00-04:00,193.7639274749756,10.30189030483783,-0.3333333333333333,2024-06-07 00:00:00-04:00,196.2958941701253,-8.694681049645059
153,2024-06-10 00:00:00-04:00,192.40894105529784,10.37311704042511,-0.3333333333333333,2024-06-14 00:00:00-04:00,211.84882150268555,-67.2173850442081
154,2024-06-17 00:00:00-04:00,215.8722477162679,9.239039618699287,-0.3333333333333333,2024-06-18 00:00:00-04:00,213.6433800608317,6.86419885780416
155,2024-06-20 00:00:00-04:00,209.04728982543944,9.540952043113585,0.3333333333333333,2024-06-25 00:00:00-04:00,208.30023337809246,-2.375876579212108
156,2024-06-25 00:00:00-04:00,208.30023337809246,9.574559659573914,-0.3333333333333333,2024-07-02 00:00:00-04:00,219.60534291585284,-36.080481909101636
157,2024-07-10 00:00:00-04:00,232.12218509928385,8.588491707250892,-0.3333333333333333,2024-07-11 00:00:00-04:00,226.88332657368977,14.997964334175137
158,2024-07-11 00:00:00-04:00,226.88332657368977,8.78777919862991,0.3333333333333333,2024-07-12 00:00:00-04:00,229.69117197672526,8.224908475254619
159,2024-07-17 00:00:00-04:00,228.18936480204263,8.737851705585994,0.3333333333333333,2024-07-18 00:00:00-04:00,223.35458553568523,-14.081861419557606
160,2024-07-18 00:00:00-04:00,223.35458553568523,8.925378800444129,-0.3333333333333333,2024-08-05 00:00:00-04:00,208.63855377197265,43.78205264350089
161,2024-08-07 00:00:00-04:00,209.04746651713054,9.540047736304343,-0.3333333333333333,2024-08-14 00:00:00-04:00,221.30683762613933,-38.9849951990047
162,2024-08-14 00:00:00-04:00,221.30683762613933,9.007679198680908,0.3333333333333333,2024-09-04 00:00:00-04:00,220.29155049133303,-3.0484602682943494
163,2024-09-04 00:00:00-04:00,220.29155049133303,9.04855619122618,-0.3333333333333333,2024-09-16 00:00:00-04:00,215.91690376281738,13.194745579912523
164,2024-09-17 00:00:00-04:00,216.2417991739909,9.218871811395614,-0.3333333333333333,2024-09-20 00:00:00-04:00,227.77475215657552,-35.44027171776676
165,2024-09-20 00:00:00-04:00,227.77475215657552,8.748620011286517,0.3333333333333333,2024-09-30 00:00:00-04:00,232.4108156636556,13.519719323878649
166,2024-10-01 00:00:00-04:00,225.7884640604655,8.826423607108095,0.3333333333333333,2024-10-07 00:00:00-04:00,221.1294363861084,-13.707517283705076
167,2024-10-07 00:00:00-04:00,221.1294363861084,9.010793035428419,-0.3333333333333333,2024-10-10 00:00:00-04:00,228.61318156433106,-22.47815964361655
168,2024-10-10 00:00:00-04:00,228.61318156433106,8.713500060405504,0.3333333333333333,2024-10-15 00:00:00-04:00,233.25867748006186,13.492842980777965
169,2024-10-16 00:00:00-04:00,231.34808642578125,8.611311070686535,0.3333333333333333,2024-10-21 00:00:00-04:00,235.8820245412191,13.01438382909253
170,2024-10-22 00:00:00-04:00,235.4204883626302,8.463112833032334,0.3333333333333333,2024-10-25 00:00:00-04:00,230.82484242248535,-12.964490044037642
171,2024-10-25 00:00:00-04:00,230.82484242248535,8.630145385463656,-0.3333333333333333,2024-11-04 00:00:00-05:00,221.59628649393716,26.54792645375114
172,2024-11-05 00:00:00-05:00,222.88496978759767,8.939610508094365,-0.3333333333333333,2024-11-19 00:00:00-05:00,228.10529137674968,-15.555880578005052
173,2024-11-19 00:00:00-05:00,228.10529137674968,8.733304934878158,0.3333333333333333,2024-11-26 00:00:00-05:00,234.72356682840984,19.266472554122235
174,2024-12-03 00:00:00-05:00,242.30270464579266,8.222844886131318,-0.3333333333333333,2024-12-05 00:00:00-05:00,242.85399564615884,-1.511060127710413
175,2024-12-18 00:00:00-05:00,247.86016515604655,8.038030419166962,0.3333333333333333,2024-12-20 00:00:00-05:00,254.12577341715496,16.78771659912441
176,2024-12-27 00:00:00-05:00,255.3943987528483,7.80190408137886,0.3333333333333333,2024-12-30 00:00:00-05:00,251.83904506937662,-9.246176137941019
177,2024-12-30 00:00:00-05:00,251.83904506937662,7.910999385286099,-0.3333333333333333,2025-01-10 00:00:00-05:00,236.66873755900065,40.00409779639515
178,2025-01-14 00:00:00-05:00,232.94611385599774,8.555718264643325,-0.3333333333333333,2025-01-16 00:00:00-05:00,228.08531096394856,13.862553361445418
179,2025-01-17 00:00:00-05:00,229.65084118652345,8.679348495589144,-0.3333333333333333,2025-01-21 00:00:00-05:00,222.46960912068684,20.7761385756985
180,2025-01-21 00:00:00-05:00,222.46960912068684,8.961029470025569,0.3333333333333333,2025-01-22 00:00:00-05:00,223.50963942464193,3.1065807344870766
181,2025-01-22 00:00:00-05:00,223.50963942464193,8.9192525727222,-0.3333333333333333,2025-01-29 00:00:00-05:00,239.1768212331136,-46.579850550839126
182,2025-01-29 00:00:00-05:00,239.1768212331136,8.330760409117262,0.3333333333333333,2025-02-14 00:00:00-05:00,244.5184727681478,14.833339709121129
183,2025-02-18 00:00:00-05:00,244.55149122111,8.148553333120708,0.3333333333333333,2025-03-03 00:00:00-05:00,237.95065544637046,-17.929087451212123
184,2025-03-03 00:00:00-05:00,237.95065544637046,8.372759677982518,-0.3333333333333333,2025-03-10 00:00:00-04:00,227.55582239278158,29.01114635014963
185,2025-03-13 00:00:00-04:00,209.74988600667317,9.500867736620053,0.3333333333333333,2025-03-14 00:00:00-04:00,213.41884215799968,11.61942237507058
186,2025-03-14 00:00:00-04:00,213.41884215799968,9.33824719323641,-0.3333333333333333,2025-03-25 00:00:00-04:00,223.82458333333332,-32.39046110803466
187,2025-03-25 00:00:00-04:00,223.82458333333332,8.900847275711348,0.3333333333333333,2025-04-03 00:00:00-04:00,203.12227244059247,-61.42270250352726
188,2025-04-04 00:00:00-04:00,188.44279821777343,10.565136974211606,0.3333333333333333,2025-04-09 00:00:00-04:00,198.78372276814778,36.41776143823087
189,2025-04-09 00:00:00-04:00,198.78372276814778,10.018780614655514,-0.3333333333333333,2025-04-15 00:00:00-04:00,202.20737938944498,-11.43362152956312
190,2025-04-15 00:00:00-04:00,202.20737938944498,9.847620264516946,0.3333333333333333,2025-04-29 00:00:00-04:00,211.1396033782959,29.320383319937577
